Credit amount,Duration in month,Installment rate in percentage of disposable income,Age in years,Present residence since,Number of existing credits at this bank,Number of people being liable to provide maintenance for
1000.0,1000.0,1000.0,1000.0,1000.0,1000.0,1000.0
3271.258,20.903,2.973,35.546,2.845,1.407,1.155
2822.7368759604406,12.058814452756375,1.1187146743126786,11.375468574317512,1.1037178956568536,0.5776544682461002,0.36208577175319395
250.0,4.0,1.0,19.0,1.0,1.0,1.0
1365.5,12.0,2.0,27.0,2.0,1.0,1.0
2319.5,18.0,3.0,33.0,3.0,1.0,1.0
3972.25,24.0,4.0,42.0,4.0,2.0,1.0
18424.0,72.0,4.0,75.0,4.0,4.0,2.0
